{
  "id": "3793958",
  "name": "iconfont01",
  "font_family": "iconfont",
  "css_prefix_text": "icon-",
  "description": "",
  "glyphs": [
    {
      "icon_id": "8727201",
      "name": "星星",
      "font_class": "xingxing",
      "unicode": "e60e",
      "unicode_decimal": 58894
    },
    {
      "icon_id": "77156",
      "name": "微信",
      "font_class": "weixin",
      "unicode": "e600",
      "unicode_decimal": 58880
    },
    {
      "icon_id": "566774",
      "name": "左箭头",
      "font_class": "zuojiantou",
      "unicode": "e64e",
      "unicode_decimal": 58958
    },
    {
      "icon_id": "2674878",
      "name": "箭头 上",
      "font_class": "jiantoushang",
      "unicode": "e62c",
      "unicode_decimal": 58924
    },
    {
      "icon_id": "2674928",
      "name": "箭头 右",
      "font_class": "jiantouyou",
      "unicode": "e62d",
      "unicode_decimal": 58925
    },
    {
      "icon_id": "2674929",
      "name": "箭头 下",
      "font_class": "jiantouxia",
      "unicode": "e62e",
      "unicode_decimal": 58926
    },
    {
      "icon_id": "4936984",
      "name": "QQ",
      "font_class": "QQ",
      "unicode": "e882",
      "unicode_decimal": 59522
    },
    {
      "icon_id": "6756291",
      "name": "微博",
      "font_class": "weibo",
      "unicode": "e608",
      "unicode_decimal": 58888
    },
    {
      "icon_id": "11372759",
      "name": "电话",
      "font_class": "dianhua",
      "unicode": "e8c3",
      "unicode_decimal": 59587
    }
  ]
}
